1,TAGGTCCGAT
2,GGACGGAATC
3,CTTACTGCCG
4,ACCTAATTGA
5,TTCGTATCCG
6,GGTAACGAGC
7,CAACGTATAA
8,ACGTCGCGTT
9,TTCTGCTAGC
10,AGGAAGATAG
11,GCTCTTGCTT
12,CAAGCACGCA
13,CGGCAATCCG
14,ATCAGGATTC
15,TCATTCCAGA
16,GATGCTGGAT
17,GTGAGTGATG
18,GAGTCAGCTG
19,TGTCTGCGAA
20,ATTGGTACAA
21,CGATTGTGGT
22,ACAGACTTCC
23,TCCACACTCT
24,CACCACAAGC
25,TAGAGGACAA
26,CCTAGCGAAT
27,GTAGTCATCG
28,GCTGAGCTGT
29,AACCTAGATA
30,TTGCCATCTC
31,AGATCTTGCG
32,CGCTATCGGC
33,GCAACGATGG
34,TAATCGTTCA
35,GTTCGCTCTA
36,TCTCACACAT
37,CTGTTAGGAT
38,CGCAGACGCG
39,AAGGATCATC
40,AGCGTTGAGC
41,TTAGATGCAT
42,GTCCAGAGCT
43,CACGTGATAG
44,CCACTAGTCC
45,TGGACTTGGC
46,GCTTGACAGG
47,AAGACCTCTA
48,AGTTGCCATA
49,ATGTACGCAG
50,TTAATGAGAT
51,TGCGCCACTT
52,CATTAAGGCC
53,CCGCCTCAGA
54,AATCGGCTCG
55,GCCGGTTATC
56,GGAATATTGA
57,ATTCAACGGA
58,AACTGTACTG
59,GTACCTCAAT
60,GACTTCTAAT
61,TGAAGCGTTG
62,CGTGCGATCC
63,TCGGAAGGCA
64,CCGATGTCGC
65,ACTTAGAATG
66,TCCAAGCCTG
67,AGACGATGAT
68,CTCACAAGAC
69,CGTTCCTACT
70,GTGGTTGTGA
71,GAAGGCCTGC
72,TAGCTTGCCA
73,GACAATGCTC
74,GCTAATCACA
75,AGTCCATAGG
76,CTATCGCCTA
77,ATCGTGGTCT
78,TGGCTAATAC
79,CAGTGCAGAG
80,TCAGGCTGGT
81,ATACTCACGC
82,ATGCTCCGCG
83,TGTGAACTTG
84,GAGAGGTGCT
85,TGCACTGTAA
86,GCCTAGGCAA
87,CCATCATAGC
88,CATGGTAATT
89,CACCATGTCT
90,ATATGTCTGG
91,AAGGAAGCGT
92,TCAAGACGTC
93,CCGCTCAGTA
94,GGTGTGTACA
95,TTCACGTAAG
96,GGTTCCACAC
97,AGGTATTCTT
98,CGAATGCAAC
99,TTCAACGGCG
100,CTCGGCGGAA
101,ACGGTAATGG
102,GATCCGACGT
103,TCACGATACA
104,GATTCTCTTC
105,AGAATTAATG
106,ACCAGCGTCA
107,CGTCAGGCTC
108,CCTGCTCTAG
109,TAACTCAACT
110,TAGTGACCGC
111,GTGGAGTGAA
112,GTCTCATGGT
113,GAACAACCTA
114,CCAGAGTCAG
115,AACAGGCAGT
116,GCTCCATGAC
117,ATGTCTATCC
118,CTTGTCGAGG
119,TGCTTCGGTA
120,TGGAGTATCT
121,CCTTGATCAA
122,GGAAGTGGCA
123,AACATTCTAC
124,GACGCGAGTC
125,CTATAACACT
126,AGTCTCGTGT
127,TCGGCCTATG
128,TTGCAGACGG
999,GCGTATGAGT
